<xml xmlns="http://www.w3.org/1999/xhtml">
  <tab name="Init" type="InitTab" active="false" scrollx="20.000000000000455" scrolly="20" scale="0.9"></tab>
  <tab name="main" type="CommonTab" active="true" scrollx="18.000000000000455" scrolly="32" scale="0.9">
    <block xmlns="https://developers.google.com/blockly/xml" type="setHTMLElemStyle" id="ZvP]:a!83,!G~0tOvekI" x="170" y="190">
      <field name="PROPERTY">display</field>
      <field name="PARENT">TRUE</field>
      <value name="VALUE">
        <block type="text" id="N8btL1#F*a-3;nKRrT:K">
          <field name="TEXT">block</field>
        </block>
      </value>
      <value name="ID">
        <shadow type="text" id="^6u%T(FiF[4^1#7Su}GE">
          <field name="TEXT"></field>
        </shadow>
        <block type="lists_create_with" id="M|vRn09|Ras{eb~h7oBl">
          <mutation items="3"></mutation>
          <value name="ADD0">
            <block type="text" id=":s[7EKmS/O@WcR7}%L96">
              <field name="TEXT">left_panel</field>
            </block>
          </value>
          <value name="ADD1">
            <block type="text" id="x%zEChw5!H5h#0VJ#Kt|">
              <field name="TEXT">right_panel</field>
            </block>
          </value>
        </block>
      </value>
    </block>
  </tab>
  <editorsettings viewport-x="1143.6" viewport-y="37" viewport-w="774.4" viewport-h="398" viewport-hidden="false" toolbox-library-mode="false" toolbox-minimized-mode="false"></editorsettings>
</xml>