<xml xmlns="http://www.w3.org/1999/xhtml">
  <tab name="Init" type="InitTab" active="false" scrollx="291.76079483032265" scrolly="0" scale="0.9"></tab>
  <tab name="main" type="CommonTab" active="false" scrollx="291.39444717095864" scrolly="-122.44897959183675" scale="0.8163265306122448">
    <block xmlns="https://developers.google.com/blockly/xml" type="batchGeometry" id="kEh_z{%XzzK8@6_9Sqht" x="70" y="150">
      <value name="TARGET">
        <shadow type="allObjectList" id="iIEfnvrA!iRg3^:z`zf{"></shadow>
      </value>
    </block>
  </tab>
  <tab name="annotation" type="CommonTab" active="false" scrollx="133.59991455078125" scrolly="-81" scale="0.9">
    <block xmlns="https://developers.google.com/blockly/xml" type="addAnnotation" id="zcqO~liZmJ|L2napS3!7" x="130" y="90">
      <mutation xmlns="http://www.w3.org/1999/xhtml" usenameslot="false"></mutation>
      <value name="ANNOTATION">
        <shadow type="text" id="pt)96+XG42jvB9HcBclU">
          <field name="TEXT">SW1</field>
        </shadow>
      </value>
      <value name="TARGET">
        <shadow type="objectList" id="I0.a;jqa-x#8(f[xwkZ}">
          <field name="FIELDNAME">Scene</field>
        </shadow>
        <block type="objectList" id="*-vW^~P2HUh5oTi)_8~]">
          <field name="FIELDNAME">SW1_annotation</field>
        </block>
      </value>
      <value name="CONTENTS">
        <shadow type="text" id="mp=iKKntIwKH-JJn56j_">
          <field name="TEXT">I'm a switch!</field>
        </shadow>
      </value>
      <value name="ID">
        <shadow type="text" id="+}c3:;}1K|8CTR+N[LWC">
          <field name="TEXT">sw_1</field>
        </shadow>
      </value>
      <next>
        <block type="addAnnotation" id="C=m^$f3+yT9S_ug^Lu7=">
          <mutation xmlns="http://www.w3.org/1999/xhtml" usenameslot="false"></mutation>
          <value name="ANNOTATION">
            <shadow type="text" id="Xq0@#I+fz*x2jB[n!Rm2">
              <field name="TEXT">SW2</field>
            </shadow>
          </value>
          <value name="TARGET">
            <shadow type="objectList" id="I0.a;jqa-x#8(f[xwkZ}">
              <field name="FIELDNAME">Scene</field>
            </shadow>
            <block type="objectList" id="/Rx$AG`I7(_j/E6IozKc">
              <field name="FIELDNAME">SW2_annotation</field>
            </block>
          </value>
          <value name="CONTENTS">
            <shadow type="text" id="~pAwqrXzto/*Z!I}EV8M">
              <field name="TEXT">I'm a switch!</field>
            </shadow>
          </value>
          <value name="ID">
            <shadow type="text" id="EKQC@l~y1k|~frGinbn6">
              <field name="TEXT">sw_2</field>
            </shadow>
          </value>
          <next>
            <block type="addAnnotation" id="..k2g9WS!HcHCf=sm27K">
              <mutation xmlns="http://www.w3.org/1999/xhtml" usenameslot="false"></mutation>
              <value name="ANNOTATION">
                <shadow type="text" id="zAk|obd^LNMCU}J^eGis">
                  <field name="TEXT">SW4</field>
                </shadow>
              </value>
              <value name="TARGET">
                <shadow type="objectList" id="I0.a;jqa-x#8(f[xwkZ}">
                  <field name="FIELDNAME">Scene</field>
                </shadow>
                <block type="objectList" id="q#3SpaGDD@CK~D~F?d,_">
                  <field name="FIELDNAME">SW4_annotation</field>
                </block>
              </value>
              <value name="CONTENTS">
                <shadow type="text" id="1[t)X-g]SC]HP:[yYr0f">
                  <field name="TEXT">I'm a switch!</field>
                </shadow>
              </value>
              <value name="ID">
                <shadow type="text" id="GVf!jzQiq5-njKgK7?mF">
                  <field name="TEXT">sw_4</field>
                </shadow>
              </value>
            </block>
          </next>
        </block>
      </next>
    </block>
    <block xmlns="https://developers.google.com/blockly/xml" type="addAnnotation" id="ePRT!H4UBt*[G:+]m;Sc" x="130" y="290">
      <mutation xmlns="http://www.w3.org/1999/xhtml" usenameslot="false"></mutation>
      <value name="ANNOTATION">
        <shadow type="text" id="XpOA7|NKJT3(x80UDw2R">
          <field name="TEXT">PC1</field>
        </shadow>
      </value>
      <value name="TARGET">
        <shadow type="objectList" id="I0.a;jqa-x#8(f[xwkZ}">
          <field name="FIELDNAME">Scene</field>
        </shadow>
        <block type="objectList" id="gd_2%H4w}f5ZXGbYAc4m">
          <field name="FIELDNAME">PC1_annotation</field>
        </block>
      </value>
      <value name="CONTENTS">
        <shadow type="text" id="uyP#AadJ]/f6pWJ`97k{">
          <field name="TEXT">(TODO: routing_table)</field>
        </shadow>
      </value>
      <value name="ID">
        <shadow type="text" id="ea7OZdyT~cx!HBKPVoSu">
          <field name="TEXT">pc_1</field>
        </shadow>
      </value>
      <next>
        <block type="addAnnotation" id="ZB/40P%TiET2ukrL.lLy">
          <mutation xmlns="http://www.w3.org/1999/xhtml" usenameslot="false"></mutation>
          <value name="ANNOTATION">
            <shadow type="text" id="7lv(kEE97*1+;Q!WeTw2">
              <field name="TEXT">PC7</field>
            </shadow>
          </value>
          <value name="TARGET">
            <shadow type="objectList" id="I0.a;jqa-x#8(f[xwkZ}">
              <field name="FIELDNAME">Scene</field>
            </shadow>
            <block type="objectList" id="juk#DuXvWa)j%@GMGT=;">
              <field name="FIELDNAME">PC7_annotation</field>
            </block>
          </value>
          <value name="CONTENTS">
            <shadow type="text" id="Af9iVbmr|t)buIz8,n!^">
              <field name="TEXT">(TODO: routing_table)</field>
            </shadow>
          </value>
          <value name="ID">
            <shadow type="text" id="=fU+1T#yz0GijJze6O#4">
              <field name="TEXT">pc_7</field>
            </shadow>
          </value>
        </block>
      </next>
    </block>
    <block xmlns="https://developers.google.com/blockly/xml" type="addAnnotation" id="d~CWx*lB1MFIJdMC$sL(" x="110" y="450">
      <mutation xmlns="http://www.w3.org/1999/xhtml" usenameslot="false"></mutation>
      <value name="ANNOTATION">
        <shadow type="text" id="5X)v}*%T(O?0,TWGrY{L">
          <field name="TEXT">R1</field>
        </shadow>
      </value>
      <value name="TARGET">
        <shadow type="objectList" id="I0.a;jqa-x#8(f[xwkZ}">
          <field name="FIELDNAME">Scene</field>
        </shadow>
        <block type="objectList" id="Z:?0gTEl=CUMCY3Ga2dw">
          <field name="FIELDNAME">R1_annotation</field>
        </block>
      </value>
      <value name="CONTENTS">
        <shadow type="text" id="Q5|K2h[Qq|%f=X(/0D/3">
          <field name="TEXT">(TODO: routing_table)</field>
        </shadow>
      </value>
      <value name="ID">
        <shadow type="text" id="^znB+yiTi+9b$}5~6(7V">
          <field name="TEXT">r_1</field>
        </shadow>
      </value>
      <next>
        <block type="addAnnotation" id="]A#r;/c%3I1r+qPMtbFN">
          <mutation xmlns="http://www.w3.org/1999/xhtml" usenameslot="false"></mutation>
          <value name="ANNOTATION">
            <shadow type="text" id="J@BnTJEZxODnZ^gzY5u!">
              <field name="TEXT">R2</field>
            </shadow>
          </value>
          <value name="TARGET">
            <shadow type="objectList" id="I0.a;jqa-x#8(f[xwkZ}">
              <field name="FIELDNAME">Scene</field>
            </shadow>
            <block type="objectList" id="^Su3/y6*r;t4G=gHWBX,">
              <field name="FIELDNAME">R2_annotation</field>
            </block>
          </value>
          <value name="CONTENTS">
            <shadow type="text" id="nopPo1PPXKGeo6wt3Tsu">
              <field name="TEXT">(TODO: routing_table)</field>
            </shadow>
          </value>
          <value name="ID">
            <shadow type="text" id=":wwT}y1/y7Ua^`%]RwW4">
              <field name="TEXT">r_2</field>
            </shadow>
          </value>
        </block>
      </next>
    </block>
  </tab>
  <tab name="cameras" type="CommonTab" active="false" scrollx="-1515.604452969922" scrolly="81.32272445031725" scale="0.7631524154669463">
    <block xmlns="https://developers.google.com/blockly/xml" type="createCSSRule" id="UA$P-abvJ}K(@={kj7{9" x="110" y="-210">
      <mutation xmlns="http://www.w3.org/1999/xhtml" mediaruleslot="false"></mutation>
      <field name="PARENT">FALSE</field>
      <value name="CSS_RULE">
        <shadow type="text" id=";K-1mh`IspphCIs^;,;6">
          <field name="TEXT">.myClass</field>
        </shadow>
        <block type="text" id="zkzr]us/!?gfWhI8N9Bh">
          <field name="TEXT">.interreaction_icon</field>
        </block>
      </value>
      <value name="CSS_RULE_CONT">
        <shadow type="text" id="L^+?:ImJST)2w+Cr+%aQ">
          <field name="TEXT">color: red;</field>
        </shadow>
        <block type="textMultiline" id="$)9P9U.5O_a(jpcEYN8I">
          <field name="HIGHLIGHT_MODE">css</field>
          <field name="TEXT" editor-height="12" editor-width="470">position: absolute;&amp;#10;background-size: 60%;&amp;#10;background-color: white;&amp;#10;background-position: center;&amp;#10;background-repeat: no-repeat;&amp;#10;border-radius: 25px;&amp;#10;width: 40px;&amp;#10;height: 40px;&amp;#10;z-index: 2;&amp;#10;cursor: pointer;&amp;#10;                  </field>
        </block>
      </value>
    </block>
    <block xmlns="https://developers.google.com/blockly/xml" type="addHTMLElement" id="MpPABO(ah}74=_gbG^(~" x="90" y="90">
      <field name="ELEMENT">div</field>
      <field name="MODE">TO</field>
      <field name="PARENT">FALSE</field>
      <value name="ID">
        <shadow type="text" id="atRi3cIeua?veC;%,o/i">
          <field name="TEXT"></field>
        </shadow>
        <block type="text" id="4o^p:_G0)M}EAPki7#pA">
          <field name="TEXT">Cam_PC7</field>
        </block>
      </value>
      <value name="TARGET_ID">
        <shadow type="DOMObjectSelector" id="xk`g{/G`4}M-[3|0!}D4">
          <field name="DOM_OBJECT">CONTAINER</field>
        </shadow>
      </value>
      <next>
        <block type="setHTMLElemAttribute" id="V=VWMY7|ydT3jw%jYmc`">
          <field name="ATTRIBUTE">className</field>
          <field name="PARENT">FALSE</field>
          <value name="VALUE">
            <block type="text" id="-1y-CmBa)S8mSEZrBNFY">
              <field name="TEXT">interreaction_icon</field>
            </block>
          </value>
          <value name="ID">
            <shadow type="text" id="}J-SMkcx7s0*sw-9s_-N">
              <field name="TEXT"></field>
            </shadow>
            <block type="text" id="4N/1=CCvpHnSPk`f}t-w">
              <field name="TEXT">Cam_PC7</field>
            </block>
          </value>
          <next>
            <block type="bindHTMLObject" id="!Pne7{hz;fWNzg/X`/nt">
              <field name="PARENT">FALSE</field>
              <value name="ID">
                <shadow type="text" id="wX6`Z1J%X]TH,j3GR8:h">
                  <field name="TEXT"></field>
                </shadow>
                <block type="text" id="A{1JP~$s=wm],A]r1mW5">
                  <field name="TEXT">Cam_PC7</field>
                </block>
              </value>
              <value name="OBJECTINPUT">
                <shadow type="objectList" id="DPLok`#;uwj)]sF~mMH(">
                  <field name="FIELDNAME">Cam_PC7</field>
                </shadow>
                <block type="objectList" id="Vxpm73K.;rW9{m$9d5vr">
                  <field name="FIELDNAME">PC7_eye</field>
                </block>
              </value>
              <next>
                <block type="setHTMLElemStyle" id="K4_40SK;)LmDAHLQmigj">
                  <field name="PROPERTY">left</field>
                  <field name="PARENT">FALSE</field>
                  <value name="VALUE">
                    <block type="text" id="]47H%.ZB*ZGyJ7.RKuTT">
                      <field name="TEXT">-20px</field>
                    </block>
                  </value>
                  <value name="ID">
                    <shadow type="text" id="m*Wi]R!]Mqv:VB*{2;78">
                      <field name="TEXT"></field>
                    </shadow>
                    <block type="text" id="|3:zFqTy?elvVy=F5M7g">
                      <field name="TEXT">Cam_PC7</field>
                    </block>
                  </value>
                  <next>
                    <block type="setHTMLElemStyle" id="8|qji~BrBi7qIy]S}E+G">
                      <field name="PROPERTY">top</field>
                      <field name="PARENT">FALSE</field>
                      <value name="VALUE">
                        <block type="text" id="L4nj+oP.xC]aJL*Nbz+q">
                          <field name="TEXT">-20px</field>
                        </block>
                      </value>
                      <value name="ID">
                        <shadow type="text" id="m*Wi]R!]Mqv:VB*{2;78">
                          <field name="TEXT"></field>
                        </shadow>
                        <block type="text" id=")z[GasTOm.*.a^NKBFh^">
                          <field name="TEXT">Cam_PC7</field>
                        </block>
                      </value>
                      <next>
                        <block type="setHTMLElemStyle" id="Z(.K(^yup0m,Z,-:Z6Bn">
                          <field name="PROPERTY">backgroundColor</field>
                          <field name="PARENT">FALSE</field>
                          <value name="VALUE">
                            <block type="text" id="cB%zs?FWzNpM8shzo/d.">
                              <field name="TEXT">#B5DFFF</field>
                            </block>
                          </value>
                          <value name="ID">
                            <shadow type="text" id="m*Wi]R!]Mqv:VB*{2;78">
                              <field name="TEXT"></field>
                            </shadow>
                            <block type="text" id="kkvI+.c^b4wHA(nxu=MV">
                              <field name="TEXT">Cam_PC7</field>
                            </block>
                          </value>
                          <next>
                            <block type="setHTMLElemStyle" id="aEIz1~BrDQ`ZJ5Ca;~Z(">
                              <field name="PROPERTY">backgroundImage</field>
                              <field name="PARENT">FALSE</field>
                              <value name="VALUE">
                                <block type="text" id="yXTH[SVgMh[edxV3*VQd">
                                  <field name="TEXT">url(img/icon/eye-regular.svg)</field>
                                </block>
                              </value>
                              <value name="ID">
                                <shadow type="text" id="m*Wi]R!]Mqv:VB*{2;78">
                                  <field name="TEXT"></field>
                                </shadow>
                                <block type="text" id="PnV({7l3kqb8Uc}0bOmU">
                                  <field name="TEXT">Cam_PC7</field>
                                </block>
                              </value>
                            </block>
                          </next>
                        </block>
                      </next>
                    </block>
                  </next>
                </block>
              </next>
            </block>
          </next>
        </block>
      </next>
    </block>
    <block xmlns="https://developers.google.com/blockly/xml" type="addHTMLElement" id=";WlC!-2WZWV8YDQ.U.Gr" x="1030" y="90">
      <field name="ELEMENT">div</field>
      <field name="MODE">TO</field>
      <field name="PARENT">FALSE</field>
      <value name="ID">
        <shadow type="text" id="atRi3cIeua?veC;%,o/i">
          <field name="TEXT"></field>
        </shadow>
        <block type="text" id="|6I;9LAFF9$ejZ3Aw)V7">
          <field name="TEXT">Cam_PC1</field>
        </block>
      </value>
      <value name="TARGET_ID">
        <shadow type="DOMObjectSelector" id="5;HoKr1%$P2hmM1p9x#J">
          <field name="DOM_OBJECT">CONTAINER</field>
        </shadow>
      </value>
      <next>
        <block type="setHTMLElemAttribute" id="[S6no|0$@!XHSl[3382V">
          <field name="ATTRIBUTE">className</field>
          <field name="PARENT">FALSE</field>
          <value name="VALUE">
            <block type="text" id="9~v{,+iH%stMKU6#W=Ry">
              <field name="TEXT">interreaction_icon</field>
            </block>
          </value>
          <value name="ID">
            <shadow type="text" id="}J-SMkcx7s0*sw-9s_-N">
              <field name="TEXT"></field>
            </shadow>
            <block type="text" id="rL;s$_38e8{uqHYZV{+,">
              <field name="TEXT">Cam_PC1</field>
            </block>
          </value>
          <next>
            <block type="bindHTMLObject" id="(q2nr2r0!hXg;sXoQy;}">
              <field name="PARENT">FALSE</field>
              <value name="ID">
                <shadow type="text" id="wX6`Z1J%X]TH,j3GR8:h">
                  <field name="TEXT"></field>
                </shadow>
                <block type="text" id="0i,ZnvufmRk*,+4,+FEl">
                  <field name="TEXT">Cam_PC1</field>
                </block>
              </value>
              <value name="OBJECTINPUT">
                <shadow type="objectList" id="DPLok`#;uwj)]sF~mMH(">
                  <field name="FIELDNAME">Cam_PC7</field>
                </shadow>
                <block type="objectList" id="fLdWL.DIeCtlb}O~Gt/?">
                  <field name="FIELDNAME">PC1_eye</field>
                </block>
              </value>
              <next>
                <block type="setHTMLElemStyle" id="Itfe!7(p!r3p]AxNMyl?">
                  <field name="PROPERTY">left</field>
                  <field name="PARENT">FALSE</field>
                  <value name="VALUE">
                    <block type="text" id="1~y.2sO)A{B6_+CKH3*@">
                      <field name="TEXT">-20px</field>
                    </block>
                  </value>
                  <value name="ID">
                    <shadow type="text" id="m*Wi]R!]Mqv:VB*{2;78">
                      <field name="TEXT"></field>
                    </shadow>
                    <block type="text" id="H;*fhf1|6v%r+$B1q{s~">
                      <field name="TEXT">Cam_PC1</field>
                    </block>
                  </value>
                  <next>
                    <block type="setHTMLElemStyle" id="=H!HQJ?]pKa+d~W~/F)P">
                      <field name="PROPERTY">top</field>
                      <field name="PARENT">FALSE</field>
                      <value name="VALUE">
                        <block type="text" id="m#8/K9-S|l2GJ8+BZ!4g">
                          <field name="TEXT">-20px</field>
                        </block>
                      </value>
                      <value name="ID">
                        <shadow type="text" id="m*Wi]R!]Mqv:VB*{2;78">
                          <field name="TEXT"></field>
                        </shadow>
                        <block type="text" id="-n8v6+^]noC^$*@v`;=S">
                          <field name="TEXT">Cam_PC1</field>
                        </block>
                      </value>
                      <next>
                        <block type="setHTMLElemStyle" id="1Ki9mUd^6}4|Uo]m(]{=">
                          <field name="PROPERTY">backgroundColor</field>
                          <field name="PARENT">FALSE</field>
                          <value name="VALUE">
                            <block type="text" id="chhEjoYmdl0X_rIh|Dks">
                              <field name="TEXT">#B5DFFF</field>
                            </block>
                          </value>
                          <value name="ID">
                            <shadow type="text" id="m*Wi]R!]Mqv:VB*{2;78">
                              <field name="TEXT"></field>
                            </shadow>
                            <block type="text" id="T))|2BH3{?FiWgZb2vp_">
                              <field name="TEXT">Cam_PC1</field>
                            </block>
                          </value>
                          <next>
                            <block type="setHTMLElemStyle" id="Kp|}A(vfhMV|Y3hdHChS">
                              <field name="PROPERTY">backgroundImage</field>
                              <field name="PARENT">FALSE</field>
                              <value name="VALUE">
                                <block type="text" id="D=xZkUo$[pgW=u^BF-u/">
                                  <field name="TEXT">url(img/icon/eye-regular.svg)</field>
                                </block>
                              </value>
                              <value name="ID">
                                <shadow type="text" id="m*Wi]R!]Mqv:VB*{2;78">
                                  <field name="TEXT"></field>
                                </shadow>
                                <block type="text" id="=?-/jEvqBV~%I@vT8xHQ">
                                  <field name="TEXT">Cam_PC1</field>
                                </block>
                              </value>
                            </block>
                          </next>
                        </block>
                      </next>
                    </block>
                  </next>
                </block>
              </next>
            </block>
          </next>
        </block>
      </next>
    </block>
    <block xmlns="https://developers.google.com/blockly/xml" type="addHTMLElement" id="~!G8orz@3E6tf6n?.!Z9" x="1890" y="90">
      <field name="ELEMENT">div</field>
      <field name="MODE">TO</field>
      <field name="PARENT">FALSE</field>
      <value name="ID">
        <shadow type="text" id="atRi3cIeua?veC;%,o/i">
          <field name="TEXT"></field>
        </shadow>
        <block type="text" id="v@z-$EO6OHgGb|BJiB~T">
          <field name="TEXT">Cam_R1</field>
        </block>
      </value>
      <value name="TARGET_ID">
        <shadow type="DOMObjectSelector" id="5$.s#pkGtjU:d;#x{F+2">
          <field name="DOM_OBJECT">CONTAINER</field>
        </shadow>
      </value>
      <next>
        <block type="setHTMLElemAttribute" id="SWebMuO_cYbl#Qeqy;xK">
          <field name="ATTRIBUTE">className</field>
          <field name="PARENT">FALSE</field>
          <value name="VALUE">
            <block type="text" id="g{F!D^@;f*VY5Vd2TWPg">
              <field name="TEXT">interreaction_icon</field>
            </block>
          </value>
          <value name="ID">
            <shadow type="text" id="}J-SMkcx7s0*sw-9s_-N">
              <field name="TEXT"></field>
            </shadow>
            <block type="text" id="[T[w,!7;d}cDE7!;,o,9">
              <field name="TEXT">Cam_R1</field>
            </block>
          </value>
          <next>
            <block type="bindHTMLObject" id=",0W/8`3]vd5!xS7V{DSg">
              <field name="PARENT">FALSE</field>
              <value name="ID">
                <shadow type="text" id="wX6`Z1J%X]TH,j3GR8:h">
                  <field name="TEXT"></field>
                </shadow>
                <block type="text" id="PT.u7_V(p2gT%W0TI;OT">
                  <field name="TEXT">Cam_R1</field>
                </block>
              </value>
              <value name="OBJECTINPUT">
                <shadow type="objectList" id="DPLok`#;uwj)]sF~mMH(">
                  <field name="FIELDNAME">Cam_PC7</field>
                </shadow>
                <block type="objectList" id="$lL[CxX:*;i#(8N_.kLa">
                  <field name="FIELDNAME">R1_eye</field>
                </block>
              </value>
              <next>
                <block type="setHTMLElemStyle" id="V;cpg,+5`6*YLoqxZ0Ce">
                  <field name="PROPERTY">left</field>
                  <field name="PARENT">FALSE</field>
                  <value name="VALUE">
                    <block type="text" id="mi4H00laC^#hCKhEAK(0">
                      <field name="TEXT">-20px</field>
                    </block>
                  </value>
                  <value name="ID">
                    <shadow type="text" id="m*Wi]R!]Mqv:VB*{2;78">
                      <field name="TEXT"></field>
                    </shadow>
                    <block type="text" id="an#-+(5{||E]_QIjD~_H">
                      <field name="TEXT">Cam_PC1</field>
                    </block>
                  </value>
                  <next>
                    <block type="setHTMLElemStyle" id="yVLbpLW5L|.Jk128$C+=">
                      <field name="PROPERTY">top</field>
                      <field name="PARENT">FALSE</field>
                      <value name="VALUE">
                        <block type="text" id="O_ET}k2T6`ZH^`d9oota">
                          <field name="TEXT">-20px</field>
                        </block>
                      </value>
                      <value name="ID">
                        <shadow type="text" id="m*Wi]R!]Mqv:VB*{2;78">
                          <field name="TEXT"></field>
                        </shadow>
                        <block type="text" id="Uqa)X}OM2)ui/=d+[PRN">
                          <field name="TEXT">Cam_PC1</field>
                        </block>
                      </value>
                      <next>
                        <block type="setHTMLElemStyle" id="NP6NooDSaWWU`li]zKFb">
                          <field name="PROPERTY">backgroundColor</field>
                          <field name="PARENT">FALSE</field>
                          <value name="VALUE">
                            <block type="text" id="lEM7,XO8n[@i(I_4V3~}">
                              <field name="TEXT">#B5DFFF</field>
                            </block>
                          </value>
                          <value name="ID">
                            <shadow type="text" id="m*Wi]R!]Mqv:VB*{2;78">
                              <field name="TEXT"></field>
                            </shadow>
                            <block type="text" id="nL_#-Y~;.L@D{^U?~JCe">
                              <field name="TEXT">Cam_R1</field>
                            </block>
                          </value>
                          <next>
                            <block type="setHTMLElemStyle" id="k$WJy4DMy-8@S@EZK+Z1">
                              <field name="PROPERTY">backgroundImage</field>
                              <field name="PARENT">FALSE</field>
                              <value name="VALUE">
                                <block type="text" id="?kXYScvpZX$OMsHin-:4">
                                  <field name="TEXT">url(img/icon/eye-regular.svg)</field>
                                </block>
                              </value>
                              <value name="ID">
                                <shadow type="text" id="m*Wi]R!]Mqv:VB*{2;78">
                                  <field name="TEXT"></field>
                                </shadow>
                                <block type="text" id="hu!s`sDIg;ZS2d3~7VQ0">
                                  <field name="TEXT">Cam_R1</field>
                                </block>
                              </value>
                            </block>
                          </next>
                        </block>
                      </next>
                    </block>
                  </next>
                </block>
              </next>
            </block>
          </next>
        </block>
      </next>
    </block>
    <block xmlns="https://developers.google.com/blockly/xml" type="addHTMLElement" id="x29o)l)4bpNoN8W;5rio" x="2770" y="70">
      <field name="ELEMENT">div</field>
      <field name="MODE">TO</field>
      <field name="PARENT">FALSE</field>
      <value name="ID">
        <shadow type="text" id="atRi3cIeua?veC;%,o/i">
          <field name="TEXT"></field>
        </shadow>
        <block type="text" id="5_IexSydtj}-*(J8:(.+">
          <field name="TEXT">Cam_R2</field>
        </block>
      </value>
      <value name="TARGET_ID">
        <shadow type="DOMObjectSelector" id="S!c~yo+uHY_Y.]Jy!Mde">
          <field name="DOM_OBJECT">CONTAINER</field>
        </shadow>
      </value>
      <next>
        <block type="setHTMLElemAttribute" id="oPMyzXG=u:aBLMwpU-H!">
          <field name="ATTRIBUTE">className</field>
          <field name="PARENT">FALSE</field>
          <value name="VALUE">
            <block type="text" id="b1Yul;!R(W1wbbf_D@VT">
              <field name="TEXT">interreaction_icon</field>
            </block>
          </value>
          <value name="ID">
            <shadow type="text" id="}J-SMkcx7s0*sw-9s_-N">
              <field name="TEXT"></field>
            </shadow>
            <block type="text" id="G7m)?3;FV9que[]q`j+{">
              <field name="TEXT">Cam_R2</field>
            </block>
          </value>
          <next>
            <block type="bindHTMLObject" id="esPSNn.CTmBiqM*GXj_|">
              <field name="PARENT">FALSE</field>
              <value name="ID">
                <shadow type="text" id="wX6`Z1J%X]TH,j3GR8:h">
                  <field name="TEXT"></field>
                </shadow>
                <block type="text" id="#7n2Lg.KZu@nr6nyYxju">
                  <field name="TEXT">Cam_R2</field>
                </block>
              </value>
              <value name="OBJECTINPUT">
                <shadow type="objectList" id="DPLok`#;uwj)]sF~mMH(">
                  <field name="FIELDNAME">Cam_PC7</field>
                </shadow>
                <block type="objectList" id="_;S|+5Bb4g`z;/WC]1q(">
                  <field name="FIELDNAME">R2_eye</field>
                </block>
              </value>
              <next>
                <block type="setHTMLElemStyle" id="d/*C7FRTjfl7p1%_n+zn">
                  <field name="PROPERTY">left</field>
                  <field name="PARENT">FALSE</field>
                  <value name="VALUE">
                    <block type="text" id="O:IX5?2{khlWr]_Oy}JB">
                      <field name="TEXT">-20px</field>
                    </block>
                  </value>
                  <value name="ID">
                    <shadow type="text" id="m*Wi]R!]Mqv:VB*{2;78">
                      <field name="TEXT"></field>
                    </shadow>
                    <block type="text" id="eQ~@u7#/]..q[ZEhbYX1">
                      <field name="TEXT">Cam_R2</field>
                    </block>
                  </value>
                  <next>
                    <block type="setHTMLElemStyle" id="Z)fmwS.+sL*W6bw4OS/4">
                      <field name="PROPERTY">top</field>
                      <field name="PARENT">FALSE</field>
                      <value name="VALUE">
                        <block type="text" id="Z(Q8Y)hB=..CN#R6.DjA">
                          <field name="TEXT">-20px</field>
                        </block>
                      </value>
                      <value name="ID">
                        <shadow type="text" id="m*Wi]R!]Mqv:VB*{2;78">
                          <field name="TEXT"></field>
                        </shadow>
                        <block type="text" id="fW#@SrQf]SiEa/mnW$Hl">
                          <field name="TEXT">Cam_R2</field>
                        </block>
                      </value>
                      <next>
                        <block type="setHTMLElemStyle" id="d/P=8in^p[q#m70Qlcz2">
                          <field name="PROPERTY">backgroundColor</field>
                          <field name="PARENT">FALSE</field>
                          <value name="VALUE">
                            <block type="text" id="X5W[o]^^#971fb|lBM:y">
                              <field name="TEXT">#B5DFFF</field>
                            </block>
                          </value>
                          <value name="ID">
                            <shadow type="text" id="m*Wi]R!]Mqv:VB*{2;78">
                              <field name="TEXT"></field>
                            </shadow>
                            <block type="text" id="{i[:M%}(8!*zgq8P:zW]">
                              <field name="TEXT">Cam_R2</field>
                            </block>
                          </value>
                          <next>
                            <block type="setHTMLElemStyle" id="l4^9UTWSgq6YZDrQVzI@">
                              <field name="PROPERTY">backgroundImage</field>
                              <field name="PARENT">FALSE</field>
                              <value name="VALUE">
                                <block type="text" id="Q#46WL,PWyFcso$ib$Uk">
                                  <field name="TEXT">url(img/icon/eye-regular.svg)</field>
                                </block>
                              </value>
                              <value name="ID">
                                <shadow type="text" id="m*Wi]R!]Mqv:VB*{2;78">
                                  <field name="TEXT"></field>
                                </shadow>
                                <block type="text" id="Hi3x+O_t%zK;|W;F4xUh">
                                  <field name="TEXT">Cam_R2</field>
                                </block>
                              </value>
                            </block>
                          </next>
                        </block>
                      </next>
                    </block>
                  </next>
                </block>
              </next>
            </block>
          </next>
        </block>
      </next>
    </block>
    <block xmlns="https://developers.google.com/blockly/xml" type="eventHTMLElem" id="J]48@1Z#yu=C,r;bkvnK" x="90" y="430">
      <field name="EVENT">click</field>
      <field name="PARENT">FALSE</field>
      <value name="ID">
        <shadow type="text" id="kK]yqPq5ByMw}$nM.e4m">
          <field name="TEXT">Cam_PC7</field>
        </shadow>
      </value>
      <statement name="DO">
        <block type="tweenCameraExt" id="J]Si[XUdNZo3]TbyjJ)x">
          <mutation xmlns="http://www.w3.org/1999/xhtml" whenfinishedslot="false"></mutation>
          <field name="MOVEMENT_TYPE">SPHERICAL</field>
          <value name="POSITION">
            <block type="objectList" id="Y[Y89FTsVd#3!?X?!17U">
              <field name="FIELDNAME">Cam_PC7</field>
            </block>
          </value>
          <value name="LOOKAT">
            <block type="objectList" id="=?H4,gf=0O]@XA1`EUvP">
              <field name="FIELDNAME">Cam_PC7_lookat</field>
            </block>
          </value>
          <value name="DURATION">
            <shadow type="math_number" id="7A}==)-nS/P1sf?:583F">
              <field name="NUM">2</field>
            </shadow>
          </value>
          <next>
            <block type="setHTMLElemStyle" id="f1`N]Gw|`aR;U=5YB}74">
              <field name="PROPERTY">display</field>
              <field name="PARENT">FALSE</field>
              <value name="VALUE">
                <block type="text" id="{_NEDno=Ie[;TtFQ7K2m">
                  <field name="TEXT">none</field>
                </block>
              </value>
              <value name="ID">
                <shadow type="text" id=",{kfca=JbtcK+6Ss`of4">
                  <field name="TEXT"></field>
                </shadow>
                <block type="text" id=")e47M1-0iymqq%qw+/d6">
                  <field name="TEXT">Cam_PC7</field>
                </block>
              </value>
              <next>
                <block type="setHTMLElemStyle" id="g-vh!5X4zB4NR1vOU1N;">
                  <field name="PROPERTY">display</field>
                  <field name="PARENT">FALSE</field>
                  <value name="VALUE">
                    <block type="text" id="_A5ZsiAK3mB|jdEyq_YO">
                      <field name="TEXT">block</field>
                    </block>
                  </value>
                  <value name="ID">
                    <shadow type="text" id=",{kfca=JbtcK+6Ss`of4">
                      <field name="TEXT"></field>
                    </shadow>
                    <block type="lists_create_with" id="V!Xyk2V!JH1V1n}OGS1~">
                      <mutation items="3"></mutation>
                      <value name="ADD0">
                        <block type="text" id="Q,+*(2NAvx2CjE~TXXT6">
                          <field name="TEXT">Cam_PC1</field>
                        </block>
                      </value>
                      <value name="ADD1">
                        <block type="text" id="|3MIeEs2zMnUVpFs?pVh">
                          <field name="TEXT">Cam_R1</field>
                        </block>
                      </value>
                      <value name="ADD2">
                        <block type="text" id="hwmbQSkRp*Tpr*d]WwUK">
                          <field name="TEXT">Cam_R2</field>
                        </block>
                      </value>
                    </block>
                  </value>
                </block>
              </next>
            </block>
          </next>
        </block>
      </statement>
    </block>
    <block xmlns="https://developers.google.com/blockly/xml" type="eventHTMLElem" id="6(0G[+)jZyc2_-JZz$.*" x="1030" y="430">
      <field name="EVENT">click</field>
      <field name="PARENT">FALSE</field>
      <value name="ID">
        <shadow type="text" id="acXUK)tRN?~hv(NP[u3q">
          <field name="TEXT">Cam_PC1</field>
        </shadow>
      </value>
      <statement name="DO">
        <block type="tweenCameraExt" id="-M},^h}eQU2uEHR:N(qy">
          <mutation xmlns="http://www.w3.org/1999/xhtml" whenfinishedslot="false"></mutation>
          <field name="MOVEMENT_TYPE">SPHERICAL</field>
          <value name="POSITION">
            <block type="objectList" id=":Ym|N-54[:sg2QlwQH$N">
              <field name="FIELDNAME">Cam_PC1</field>
            </block>
          </value>
          <value name="LOOKAT">
            <block type="objectList" id="k)uCsg2dX1{So*$J4=No">
              <field name="FIELDNAME">Cam_PC1_lookat</field>
            </block>
          </value>
          <value name="DURATION">
            <shadow type="math_number" id="DH#xkZoHZi|ga:Swl;}X">
              <field name="NUM">2</field>
            </shadow>
          </value>
          <next>
            <block type="setHTMLElemStyle" id="n5!u1*McriYs~@UU#@=G">
              <field name="PROPERTY">display</field>
              <field name="PARENT">FALSE</field>
              <value name="VALUE">
                <block type="text" id="n7a3VB+1U*.zU+0gXfIv">
                  <field name="TEXT">none</field>
                </block>
              </value>
              <value name="ID">
                <shadow type="text" id=",{kfca=JbtcK+6Ss`of4">
                  <field name="TEXT"></field>
                </shadow>
                <block type="text" id="3NoSZjR.xc2uh!:]iHz*">
                  <field name="TEXT">Cam_PC1</field>
                </block>
              </value>
              <next>
                <block type="setHTMLElemStyle" id="y-nk^+[Z-*NS+iO_I-.a">
                  <field name="PROPERTY">display</field>
                  <field name="PARENT">FALSE</field>
                  <value name="VALUE">
                    <block type="text" id="|@7-|]MD){+k?9daS{1m">
                      <field name="TEXT">block</field>
                    </block>
                  </value>
                  <value name="ID">
                    <shadow type="text" id=",{kfca=JbtcK+6Ss`of4">
                      <field name="TEXT"></field>
                    </shadow>
                    <block type="lists_create_with" id="}hW*sw+@=GXu,rvm99r;">
                      <mutation items="3"></mutation>
                      <value name="ADD0">
                        <block type="text" id="=I-7i?8pH8P$q3dbGSPg">
                          <field name="TEXT">Cam_PC7</field>
                        </block>
                      </value>
                      <value name="ADD1">
                        <block type="text" id="gS34Utv3n3xN|~EBku8J">
                          <field name="TEXT">Cam_R1</field>
                        </block>
                      </value>
                      <value name="ADD2">
                        <block type="text" id="@,+$NWvDFoLoC+hu#|Q]">
                          <field name="TEXT">Cam_R2</field>
                        </block>
                      </value>
                    </block>
                  </value>
                </block>
              </next>
            </block>
          </next>
        </block>
      </statement>
    </block>
    <block xmlns="https://developers.google.com/blockly/xml" type="eventHTMLElem" id="^zV+TEg%qtVIifHjOWJi" x="2010" y="430">
      <field name="EVENT">click</field>
      <field name="PARENT">FALSE</field>
      <value name="ID">
        <shadow type="text" id="rErT.Hfr_z{}p8RXJ[D;">
          <field name="TEXT">Cam_R1</field>
        </shadow>
      </value>
      <statement name="DO">
        <block type="tweenCameraExt" id="0*b1#5(X!Z+lL=u;DlJn">
          <mutation xmlns="http://www.w3.org/1999/xhtml" whenfinishedslot="false"></mutation>
          <field name="MOVEMENT_TYPE">SPHERICAL</field>
          <value name="POSITION">
            <block type="objectList" id="aZ(w$x]p4Qow(Ri57e``">
              <field name="FIELDNAME">Cam_R1</field>
            </block>
          </value>
          <value name="LOOKAT">
            <block type="objectList" id="qOmtB!pqlTNQ77ZZ?i[?">
              <field name="FIELDNAME">Cam_R1_lookat</field>
            </block>
          </value>
          <value name="DURATION">
            <shadow type="math_number" id="zSbW9u0qBsHp:[QVihh^">
              <field name="NUM">2</field>
            </shadow>
          </value>
          <next>
            <block type="setHTMLElemStyle" id="etFiV*LfhJt*fNxEDPrj">
              <field name="PROPERTY">display</field>
              <field name="PARENT">FALSE</field>
              <value name="VALUE">
                <block type="text" id="H.az4$wnOU=T}*FW[y!`">
                  <field name="TEXT">none</field>
                </block>
              </value>
              <value name="ID">
                <shadow type="text" id=",{kfca=JbtcK+6Ss`of4">
                  <field name="TEXT"></field>
                </shadow>
                <block type="text" id="P*#i[I[)j)2xNR:hBM0V">
                  <field name="TEXT">Cam_R1</field>
                </block>
              </value>
              <next>
                <block type="setHTMLElemStyle" id="e|U(Xw/fY]26{Ag$ltOW">
                  <field name="PROPERTY">display</field>
                  <field name="PARENT">FALSE</field>
                  <value name="VALUE">
                    <block type="text" id="9CQ1#+9F}{g1bb7dnB}Z">
                      <field name="TEXT">block</field>
                    </block>
                  </value>
                  <value name="ID">
                    <shadow type="text" id=",{kfca=JbtcK+6Ss`of4">
                      <field name="TEXT"></field>
                    </shadow>
                    <block type="lists_create_with" id="|FhA4ok|fwr8RKiam_/]">
                      <mutation items="3"></mutation>
                      <value name="ADD0">
                        <block type="text" id="{6tLrD}[xSB*!8f47L-)">
                          <field name="TEXT">Cam_PC7</field>
                        </block>
                      </value>
                      <value name="ADD1">
                        <block type="text" id="sF1)V%^g#Xt](HSDjbX[">
                          <field name="TEXT">Cam_PC1</field>
                        </block>
                      </value>
                      <value name="ADD2">
                        <block type="text" id="wc;10M=_VSC~yLW%4$So">
                          <field name="TEXT">Cam_R2</field>
                        </block>
                      </value>
                    </block>
                  </value>
                </block>
              </next>
            </block>
          </next>
        </block>
      </statement>
    </block>
    <block xmlns="https://developers.google.com/blockly/xml" type="eventHTMLElem" id="eGsV6.4a{RR[}Qs,N5X%" x="2970" y="390">
      <field name="EVENT">click</field>
      <field name="PARENT">FALSE</field>
      <value name="ID">
        <shadow type="text" id="n-sn|go|d8]Z#WU2#]Vp">
          <field name="TEXT">Cam_R2</field>
        </shadow>
      </value>
      <statement name="DO">
        <block type="tweenCameraExt" id="UY_dhfOcrn=Q5}TdYYxy">
          <mutation xmlns="http://www.w3.org/1999/xhtml" whenfinishedslot="false"></mutation>
          <field name="MOVEMENT_TYPE">SPHERICAL</field>
          <value name="POSITION">
            <block type="objectList" id="VU#U_ogGjf~wr|2$BqDd">
              <field name="FIELDNAME">Cam_R2</field>
            </block>
          </value>
          <value name="LOOKAT">
            <block type="objectList" id="4In9V[0[kIJK`/./`z9x">
              <field name="FIELDNAME">Cam_R2_lookat</field>
            </block>
          </value>
          <value name="DURATION">
            <shadow type="math_number" id="u]pw-OMYott6s4[KYwM@">
              <field name="NUM">2</field>
            </shadow>
          </value>
          <next>
            <block type="setHTMLElemStyle" id="4vqe^K9T{PC,||I,~qAF">
              <field name="PROPERTY">display</field>
              <field name="PARENT">FALSE</field>
              <value name="VALUE">
                <block type="text" id="$]IEqx=N2n#^qMIMftX|">
                  <field name="TEXT">none</field>
                </block>
              </value>
              <value name="ID">
                <shadow type="text" id=",{kfca=JbtcK+6Ss`of4">
                  <field name="TEXT"></field>
                </shadow>
                <block type="text" id="2._IBtav6FQ{k0g~W%}8">
                  <field name="TEXT">Cam_R2</field>
                </block>
              </value>
              <next>
                <block type="setHTMLElemStyle" id="d$xqJchZW$q[hP9aQgR/">
                  <field name="PROPERTY">display</field>
                  <field name="PARENT">FALSE</field>
                  <value name="VALUE">
                    <block type="text" id="0XlCOZ(Mtm|tenNvlzGm">
                      <field name="TEXT">block</field>
                    </block>
                  </value>
                  <value name="ID">
                    <shadow type="text" id=",{kfca=JbtcK+6Ss`of4">
                      <field name="TEXT"></field>
                    </shadow>
                    <block type="lists_create_with" id="$SY4Td-{-b:hx=$h?;ga">
                      <mutation items="3"></mutation>
                      <value name="ADD0">
                        <block type="text" id="wiY,s17[efv,[I{Jda0!">
                          <field name="TEXT">Cam_PC7</field>
                        </block>
                      </value>
                      <value name="ADD1">
                        <block type="text" id="+;eK5$uSX?q1C1cFV*Wx">
                          <field name="TEXT">Cam_PC1</field>
                        </block>
                      </value>
                      <value name="ADD2">
                        <block type="text" id="yxH1up3ssJ,Hkl_dDVJy">
                          <field name="TEXT">Cam_R1</field>
                        </block>
                      </value>
                    </block>
                  </value>
                </block>
              </next>
            </block>
          </next>
        </block>
      </statement>
    </block>
  </tab>
  <tab name="buttons" type="CommonTab" active="true" scrollx="143.94760937403237" scrolly="-548.9919021055616" scale="0.6798985784014974">
    <variables xmlns="https://developers.google.com/blockly/xml">
      <variable id="Ws[xJ!#3;V`T6IVNFXGf">r1_ethernet</variable>
      <variable id="q6v73RTdTfD?1)N,4BqR">r1_IP</variable>
      <variable id="}P26ThM8BL-m9i)d5@s4">pc1_application</variable>
      <variable id="YSI%@xxbly8l1ZG;/Xc7">pc1_tcp</variable>
      <variable id="?ccT+nqh^h/uk7%Zt)Ag">pc1_IP</variable>
      <variable id="n8ux~~fz8Zay6RXT^wS;">pc1_ethernet</variable>
    </variables>
    <block xmlns="https://developers.google.com/blockly/xml" type="createCSSRule" id="UA$P-abvJ}K(@={kj7{9" x="110" y="-70">
      <mutation xmlns="http://www.w3.org/1999/xhtml" mediaruleslot="false"></mutation>
      <field name="PARENT">FALSE</field>
      <value name="CSS_RULE">
        <shadow type="text" id=";K-1mh`IspphCIs^;,;6">
          <field name="TEXT">.myClass</field>
        </shadow>
        <block type="text" id="zkzr]us/!?gfWhI8N9Bh">
          <field name="TEXT">.info_button</field>
        </block>
      </value>
      <value name="CSS_RULE_CONT">
        <shadow type="text" id="L^+?:ImJST)2w+Cr+%aQ">
          <field name="TEXT">color: red;</field>
        </shadow>
        <block type="textMultiline" id="$)9P9U.5O_a(jpcEYN8I">
          <field name="HIGHLIGHT_MODE">css</field>
          <field name="TEXT" editor-height="12" editor-width="470">position: absolute;&amp;#10;background-size: 60%;&amp;#10;background-color: white;&amp;#10;background-position: center;&amp;#10;background-repeat: no-repeat;&amp;#10;border-radius: 25px;&amp;#10;width: 40px;&amp;#10;height: 40px;&amp;#10;z-index: 2;&amp;#10;cursor: pointer;&amp;#10;                  </field>
        </block>
      </value>
    </block>
    <block xmlns="https://developers.google.com/blockly/xml" type="variables_set" id="![^Ll2IDya/WF)KtB[gx" x="110" y="250">
      <field name="VAR" id="Ws[xJ!#3;V`T6IVNFXGf">r1_ethernet</field>
      <value name="VALUE">
        <block type="logic_boolean" id="rO/mHVjmjsX_gD*usN:X">
          <field name="BOOL">FALSE</field>
        </block>
      </value>
      <next>
        <block type="variables_set" id="fL2?)5)NY7WT4iMcZLh,">
          <field name="VAR" id="q6v73RTdTfD?1)N,4BqR">r1_IP</field>
          <value name="VALUE">
            <block type="logic_boolean" id=":.,;H4c01lSTu--Hp0Y?">
              <field name="BOOL">FALSE</field>
            </block>
          </value>
          <next>
            <block type="variables_set" id="`wR@7bbR4:kHc2rfqzPg">
              <field name="VAR" id="}P26ThM8BL-m9i)d5@s4">pc1_application</field>
              <value name="VALUE">
                <block type="logic_boolean" id="cAHcdUir@RQ|gmv!iC=E">
                  <field name="BOOL">FALSE</field>
                </block>
              </value>
              <next>
                <block type="variables_set" id="tx|]`^D2I{bx$oJ-YlTN">
                  <field name="VAR" id="YSI%@xxbly8l1ZG;/Xc7">pc1_tcp</field>
                  <value name="VALUE">
                    <block type="logic_boolean" id="MTqDJ3K/FOmWwak)2gBb">
                      <field name="BOOL">FALSE</field>
                    </block>
                  </value>
                  <next>
                    <block type="variables_set" id="FvTPo?UBV}]/0wH`U@E^">
                      <field name="VAR" id="?ccT+nqh^h/uk7%Zt)Ag">pc1_IP</field>
                      <value name="VALUE">
                        <block type="logic_boolean" id="=HuO^Lj;{Y=jb[$5B@G^">
                          <field name="BOOL">FALSE</field>
                        </block>
                      </value>
                      <next>
                        <block type="variables_set" id="{AZX*V9b}(n0|g/b.M_e">
                          <field name="VAR" id="n8ux~~fz8Zay6RXT^wS;">pc1_ethernet</field>
                          <value name="VALUE">
                            <block type="logic_boolean" id="Rrq.^8AM*+f?k9F8r0X]">
                              <field name="BOOL">FALSE</field>
                            </block>
                          </value>
                        </block>
                      </next>
                    </block>
                  </next>
                </block>
              </next>
            </block>
          </next>
        </block>
      </next>
    </block>
    <block xmlns="https://developers.google.com/blockly/xml" type="hide" id="=Ns1}OL;HeM/m3o;+!rw" x="430" y="250">
      <value name="VALUE">
        <shadow type="objectList" id="P4vUdD?*e?:EyLn[Bd]y">
          <field name="FIELDNAME">R1_Ethernet_header</field>
        </shadow>
      </value>
      <next>
        <block type="hide" id="7$,TOecd#-^`YMVLKeBd">
          <value name="VALUE">
            <shadow type="objectList" id="$+bp#$S:^_Ysy=BO@Too">
              <field name="FIELDNAME">R1_IP_header</field>
            </shadow>
          </value>
        </block>
      </next>
    </block>
    <block xmlns="https://developers.google.com/blockly/xml" type="addHTMLElement" id="MpPABO(ah}74=_gbG^(~" x="90" y="470">
      <field name="ELEMENT">div</field>
      <field name="MODE">TO</field>
      <field name="PARENT">FALSE</field>
      <value name="ID">
        <shadow type="text" id="atRi3cIeua?veC;%,o/i">
          <field name="TEXT"></field>
        </shadow>
        <block type="text" id="4o^p:_G0)M}EAPki7#pA">
          <field name="TEXT">R1_info</field>
        </block>
      </value>
      <value name="TARGET_ID">
        <shadow type="DOMObjectSelector" id="xk`g{/G`4}M-[3|0!}D4">
          <field name="DOM_OBJECT">CONTAINER</field>
        </shadow>
      </value>
      <next>
        <block type="setHTMLElemAttribute" id="V=VWMY7|ydT3jw%jYmc`">
          <field name="ATTRIBUTE">className</field>
          <field name="PARENT">FALSE</field>
          <value name="VALUE">
            <block type="text" id="-1y-CmBa)S8mSEZrBNFY">
              <field name="TEXT">info_button</field>
            </block>
          </value>
          <value name="ID">
            <shadow type="text" id="}J-SMkcx7s0*sw-9s_-N">
              <field name="TEXT"></field>
            </shadow>
            <block type="text" id="4N/1=CCvpHnSPk`f}t-w">
              <field name="TEXT">R1_info</field>
            </block>
          </value>
          <next>
            <block type="setHTMLElemStyle" id="Z(.K(^yup0m,Z,-:Z6Bn">
              <field name="PROPERTY">backgroundColor</field>
              <field name="PARENT">FALSE</field>
              <value name="VALUE">
                <block type="text" id="cB%zs?FWzNpM8shzo/d.">
                  <field name="TEXT">#B5DFFF</field>
                </block>
              </value>
              <value name="ID">
                <shadow type="text" id="m*Wi]R!]Mqv:VB*{2;78">
                  <field name="TEXT"></field>
                </shadow>
                <block type="text" id="kkvI+.c^b4wHA(nxu=MV">
                  <field name="TEXT">R1_info</field>
                </block>
              </value>
              <next>
                <block type="setHTMLElemStyle" id="aEIz1~BrDQ`ZJ5Ca;~Z(">
                  <field name="PROPERTY">backgroundImage</field>
                  <field name="PARENT">FALSE</field>
                  <value name="VALUE">
                    <block type="text" id="yXTH[SVgMh[edxV3*VQd">
                      <field name="TEXT">url(img/icon/info.svg)</field>
                    </block>
                  </value>
                  <value name="ID">
                    <shadow type="text" id="m*Wi]R!]Mqv:VB*{2;78">
                      <field name="TEXT"></field>
                    </shadow>
                    <block type="text" id="PnV({7l3kqb8Uc}0bOmU">
                      <field name="TEXT">R1_info</field>
                    </block>
                  </value>
                </block>
              </next>
            </block>
          </next>
        </block>
      </next>
    </block>
    <block xmlns="https://developers.google.com/blockly/xml" type="addHTMLElement" id="/8y,P:Vub,|x5ZA%[Dn%" x="890" y="470">
      <field name="ELEMENT">div</field>
      <field name="MODE">TO</field>
      <field name="PARENT">FALSE</field>
      <value name="ID">
        <shadow type="text" id="atRi3cIeua?veC;%,o/i">
          <field name="TEXT"></field>
        </shadow>
        <block type="text" id="`%oQ.#T%016v^S4PRbO+">
          <field name="TEXT">IP_info</field>
        </block>
      </value>
      <value name="TARGET_ID">
        <shadow type="DOMObjectSelector" id="+Lzv}20wuo(NW3rc,OSl">
          <field name="DOM_OBJECT">CONTAINER</field>
        </shadow>
      </value>
      <next>
        <block type="setHTMLElemAttribute" id="jwgkynLqr:jQMXxBB_b[">
          <field name="ATTRIBUTE">className</field>
          <field name="PARENT">FALSE</field>
          <value name="VALUE">
            <block type="text" id="pt,thB[SI9-b!51B3W|0">
              <field name="TEXT">info_button</field>
            </block>
          </value>
          <value name="ID">
            <shadow type="text" id="}J-SMkcx7s0*sw-9s_-N">
              <field name="TEXT"></field>
            </shadow>
            <block type="text" id="J(Ckm/Dc`Stl!:K;)Jxk">
              <field name="TEXT">IP_info</field>
            </block>
          </value>
          <next>
            <block type="setHTMLElemStyle" id="caGkwej9^=f9j,SNKn=M">
              <field name="PROPERTY">backgroundColor</field>
              <field name="PARENT">FALSE</field>
              <value name="VALUE">
                <block type="text" id="#U[)O)8JQhIIjU%iVv:]">
                  <field name="TEXT">#FDDA0D</field>
                </block>
              </value>
              <value name="ID">
                <shadow type="text" id="m*Wi]R!]Mqv:VB*{2;78">
                  <field name="TEXT"></field>
                </shadow>
                <block type="text" id=".dna`E?j_I09]@_u2iKc">
                  <field name="TEXT">IP_info</field>
                </block>
              </value>
              <next>
                <block type="setHTMLElemStyle" id="{5`Ha3|[#P1p-{`:ML5,">
                  <field name="PROPERTY">backgroundImage</field>
                  <field name="PARENT">FALSE</field>
                  <value name="VALUE">
                    <block type="text" id="43~dX(V#3D:27vYKkuG$">
                      <field name="TEXT">url(img/icon/info.svg)</field>
                    </block>
                  </value>
                  <value name="ID">
                    <shadow type="text" id="m*Wi]R!]Mqv:VB*{2;78">
                      <field name="TEXT"></field>
                    </shadow>
                    <block type="text" id="R~3F3g(9-A!Ya6LFi(Uz">
                      <field name="TEXT">IP_info</field>
                    </block>
                  </value>
                  <next>
                    <block type="setHTMLElemStyle" id="#*DO^^R9_~Pkc5.nosCx">
                      <field name="PROPERTY">visibility</field>
                      <field name="PARENT">FALSE</field>
                      <value name="VALUE">
                        <block type="text" id="YI#M#2sSG@Cf_Vb[)W)!">
                          <field name="TEXT">hidden</field>
                        </block>
                      </value>
                      <value name="ID">
                        <shadow type="text" id="m*Wi]R!]Mqv:VB*{2;78">
                          <field name="TEXT"></field>
                        </shadow>
                        <block type="text" id="ffYf(+s=`lqoTT-@xxL=">
                          <field name="TEXT">IP_info</field>
                        </block>
                      </value>
                    </block>
                  </next>
                </block>
              </next>
            </block>
          </next>
        </block>
      </next>
    </block>
    <block xmlns="https://developers.google.com/blockly/xml" type="eventHTMLElem" id="LlpS$)jOTGXh_z`I!k^(" x="110" y="750">
      <field name="EVENT">click</field>
      <field name="PARENT">TRUE</field>
      <value name="ID">
        <shadow type="text" id="G99tbZ4A^`MxWsPtfE[E">
          <field name="TEXT">main_button</field>
        </shadow>
      </value>
      <statement name="DO">
        <block type="tweenCameraExt" id=".9=F3P#74*4F`@z$pPs4">
          <mutation xmlns="http://www.w3.org/1999/xhtml" whenfinishedslot="false"></mutation>
          <field name="MOVEMENT_TYPE">LINEAR</field>
          <value name="POSITION">
            <block type="objectList" id="z-p3V?Vx/TS(*g)GCfk_">
              <field name="FIELDNAME">Sun</field>
            </block>
          </value>
          <value name="LOOKAT">
            <block type="objectList" id="?(^(B!3M@Os@8=(t8h#D">
              <field name="FIELDNAME">Cam_R1_lookat</field>
            </block>
          </value>
          <value name="DURATION">
            <shadow type="math_number" id="QXB:F9*U-;uY/6uz|]k`">
              <field name="NUM">3</field>
            </shadow>
          </value>
        </block>
      </statement>
    </block>
    <block xmlns="https://developers.google.com/blockly/xml" type="eventHTMLElem" id="br]XP0ct|g+%t2.|M$6I" x="110" y="930">
      <field name="EVENT">click</field>
      <field name="PARENT">TRUE</field>
      <value name="ID">
        <shadow type="text" id="Sj+ZC2MEqb]cC*4h47}d">
          <field name="TEXT">r1_encap_button</field>
        </shadow>
      </value>
      <statement name="DO">
        <block type="controls_if" id="~qOBi#4VIK=4G5Ggkp7G">
          <value name="IF0">
            <block type="logic_compare" id="o9d9MaD))7O(scm3,]8k">
              <field name="OP">EQ</field>
              <value name="A">
                <block type="variables_get" id="!vcsB29|@w;ndQBVISBY">
                  <field name="VAR" id="Ws[xJ!#3;V`T6IVNFXGf">r1_ethernet</field>
                </block>
              </value>
              <value name="B">
                <block type="logic_boolean" id="(-^##QT?yYDs^m,II4|O">
                  <field name="BOOL">FALSE</field>
                </block>
              </value>
            </block>
          </value>
          <statement name="DO0">
            <block type="show" id="WYauaZ+%Y}Ga7Ar|M@[W">
              <value name="VALUE">
                <shadow type="objectList" id="WXZ%hPwGY,ZGB:7ZJ:j(">
                  <field name="FIELDNAME">R1_Ethernet_header</field>
                </shadow>
              </value>
              <next>
                <block type="variables_set" id="D6!pROR5WP[Y5X$|Vv=a">
                  <field name="VAR" id="Ws[xJ!#3;V`T6IVNFXGf">r1_ethernet</field>
                  <value name="VALUE">
                    <block type="logic_boolean" id="jG}Yp~Yb.^hjFvPl5VM,">
                      <field name="BOOL">TRUE</field>
                    </block>
                  </value>
                </block>
              </next>
            </block>
          </statement>
        </block>
      </statement>
      <next>
        <block type="eventHTMLElem" id="i!7w#ywri^Jzs!-)_#+q">
          <field name="EVENT">click</field>
          <field name="PARENT">TRUE</field>
          <value name="ID">
            <shadow type="text" id="b}RjOxuF?(3=2%ox}}Q:">
              <field name="TEXT">r1_encap_button_1</field>
            </shadow>
          </value>
          <statement name="DO">
            <block type="controls_if" id="1j8mig1jY2dZqR@zIPUL">
              <value name="IF0">
                <block type="logic_compare" id="fvxEcS]ldkR2Fit-s6G-">
                  <field name="OP">EQ</field>
                  <value name="A">
                    <block type="variables_get" id="rQyjwu@R3juKp?$hZ63]">
                      <field name="VAR" id="q6v73RTdTfD?1)N,4BqR">r1_IP</field>
                    </block>
                  </value>
                  <value name="B">
                    <block type="logic_boolean" id="KH:zQae~tSV{|6ug(-Ba">
                      <field name="BOOL">FALSE</field>
                    </block>
                  </value>
                </block>
              </value>
              <statement name="DO0">
                <block type="show" id="1V4pycZ:*F*??WQKi@s8">
                  <value name="VALUE">
                    <shadow type="objectList" id="KQzqK*I|9cVN`E?OhRwZ">
                      <field name="FIELDNAME">R1_IP_header</field>
                    </shadow>
                  </value>
                  <next>
                    <block type="variables_set" id="rrf{PPG||;w;if$]CXy]">
                      <field name="VAR" id="q6v73RTdTfD?1)N,4BqR">r1_IP</field>
                      <value name="VALUE">
                        <block type="logic_boolean" id="0}s7$$fG,S#%,?Pb8re)">
                          <field name="BOOL">TRUE</field>
                        </block>
                      </value>
                    </block>
                  </next>
                </block>
              </statement>
            </block>
          </statement>
          <next>
            <block type="eventHTMLElem" id="}7u-eHv@1S*d3@u+zn:B">
              <field name="EVENT">click</field>
              <field name="PARENT">TRUE</field>
              <value name="ID">
                <shadow type="text" id="KA=B#2#jM|dOJ!(S-I~Q">
                  <field name="TEXT">r1_decap_button</field>
                </shadow>
              </value>
              <statement name="DO">
                <block type="controls_if" id="Ai_dq1]!i*Re9r?C=,Ck">
                  <value name="IF0">
                    <block type="logic_compare" id="FMm`FOcgU/O{,i16_k!e">
                      <field name="OP">EQ</field>
                      <value name="A">
                        <block type="variables_get" id="@COx*-kJBx+XJV4RMa;i">
                          <field name="VAR" id="Ws[xJ!#3;V`T6IVNFXGf">r1_ethernet</field>
                        </block>
                      </value>
                      <value name="B">
                        <block type="logic_boolean" id="Hplj|7Z=^73G._y%*v/G">
                          <field name="BOOL">TRUE</field>
                        </block>
                      </value>
                    </block>
                  </value>
                  <statement name="DO0">
                    <block type="hide" id="J|yMi[?[fuBN@$T8=Z0B">
                      <value name="VALUE">
                        <shadow type="objectList" id="{H:G4[Zm$?;@y-DN)v+v">
                          <field name="FIELDNAME">R1_Ethernet_header</field>
                        </shadow>
                      </value>
                      <next>
                        <block type="variables_set" id="erxNsEoo[9Y4FW:$awR,">
                          <field name="VAR" id="Ws[xJ!#3;V`T6IVNFXGf">r1_ethernet</field>
                          <value name="VALUE">
                            <block type="logic_boolean" id="F-T6a`.n9tNbxx0@Wn)T">
                              <field name="BOOL">FALSE</field>
                            </block>
                          </value>
                          <next>
                            <block type="setHTMLElemStyle" id="=]m?qAhS`Y/V;dgou[|;">
                              <field name="PROPERTY">visibility</field>
                              <field name="PARENT">FALSE</field>
                              <value name="VALUE">
                                <block type="text" id="ay9=9SajWN7O11Dp0fB_">
                                  <field name="TEXT">hidden</field>
                                </block>
                              </value>
                              <value name="ID">
                                <shadow type="text" id="m*Wi]R!]Mqv:VB*{2;78">
                                  <field name="TEXT"></field>
                                </shadow>
                                <block type="text" id="$M/N*cpQy3C~5480HnJe">
                                  <field name="TEXT">IP_info</field>
                                </block>
                              </value>
                            </block>
                          </next>
                        </block>
                      </next>
                    </block>
                  </statement>
                </block>
              </statement>
              <next>
                <block type="eventHTMLElem" id="h~9G1BLQ$?0nJ`3M[,gy">
                  <field name="EVENT">click</field>
                  <field name="PARENT">TRUE</field>
                  <value name="ID">
                    <shadow type="text" id="j-;MvSBB(%)UHQV.;3.a">
                      <field name="TEXT">r1_decap_button_1</field>
                    </shadow>
                  </value>
                  <statement name="DO">
                    <block type="controls_if" id="Z%=HF}*[$~H%X~W56i$b">
                      <value name="IF0">
                        <block type="logic_compare" id="q|Q8?s_lGRwU^Z_jYPw%">
                          <field name="OP">EQ</field>
                          <value name="A">
                            <block type="variables_get" id="[s3hhAY/:e2j`-Qc9?.S">
                              <field name="VAR" id="q6v73RTdTfD?1)N,4BqR">r1_IP</field>
                            </block>
                          </value>
                          <value name="B">
                            <block type="logic_boolean" id="@@%{XqHqiS(7~.O%N-dm">
                              <field name="BOOL">TRUE</field>
                            </block>
                          </value>
                        </block>
                      </value>
                      <statement name="DO0">
                        <block type="hide" id="b,D`LQ1zv:AZOV?cVrRb">
                          <value name="VALUE">
                            <shadow type="objectList" id="=fXyI!2?.(.nXJp^b56d">
                              <field name="FIELDNAME">R1_IP_header</field>
                            </shadow>
                          </value>
                          <next>
                            <block type="variables_set" id="-p2[1dp[mEEANLOMi;n!">
                              <field name="VAR" id="q6v73RTdTfD?1)N,4BqR">r1_IP</field>
                              <value name="VALUE">
                                <block type="logic_boolean" id="nYd_j#?=,;t@+s-V35DI">
                                  <field name="BOOL">FALSE</field>
                                </block>
                              </value>
                            </block>
                          </next>
                        </block>
                      </statement>
                    </block>
                  </statement>
                </block>
              </next>
            </block>
          </next>
        </block>
      </next>
    </block>
    <block xmlns="https://developers.google.com/blockly/xml" type="eventHTMLElem" id="hy|k^zn*B)5C6:ZPhWYe" x="910" y="910">
      <field name="EVENT">click</field>
      <field name="PARENT">TRUE</field>
      <value name="ID">
        <shadow type="text" id=",A%hI6~^7x@QyiG.bn^#">
          <field name="TEXT">pc1_encap_button</field>
        </shadow>
      </value>
      <statement name="DO">
        <block type="controls_if" id="[;$OnC6`{lh};`uG`|F?">
          <value name="IF0">
            <block type="logic_compare" id="8XWCNlNq!0idUF]cf?G6">
              <field name="OP">EQ</field>
              <value name="A">
                <block type="variables_get" id="Gv5-37z,}z*Ps4~/d1QM">
                  <field name="VAR" id="}P26ThM8BL-m9i)d5@s4">pc1_application</field>
                </block>
              </value>
              <value name="B">
                <block type="logic_boolean" id="aP-1t{H{K4^o7X=D.+]A">
                  <field name="BOOL">FALSE</field>
                </block>
              </value>
            </block>
          </value>
          <statement name="DO0">
            <block type="show" id=";2+}SMQC6kg(ns[Zh*TE">
              <value name="VALUE">
                <shadow type="objectList" id="c]_K|.(^#|@#J-vGj$u:">
                  <field name="FIELDNAME">PC1_HTTP_header</field>
                </shadow>
              </value>
              <next>
                <block type="variables_set" id="mw)ZotWQ~Lr.Vu(#JfHQ">
                  <field name="VAR" id="}P26ThM8BL-m9i)d5@s4">pc1_application</field>
                  <value name="VALUE">
                    <block type="logic_boolean" id="dBUvP$PEx=7#EwoZ%1AJ">
                      <field name="BOOL">TRUE</field>
                    </block>
                  </value>
                </block>
              </next>
            </block>
          </statement>
        </block>
      </statement>
    </block>
  </tab>
  <editorsettings viewport-x="684.5999999999999" viewport-y="107" viewport-w="774.4" viewport-h="398" viewport-hidden="true" toolbox-library-mode="false" toolbox-minimized-mode="false"></editorsettings>
</xml>